{
  "metadata": {
    "timestamp": "20260212_054518",
    "datasets": [
      {
        "name": "deepset/prompt-injections",
        "train": 546,
        "test": 116
      },
      {
        "name": "jackhhao/jailbreak-classification",
        "train": 1044,
        "test": 262
      },
      {
        "name": "combined-corpus",
        "train": 2600,
        "test": 650
      }
    ],
    "detectors": [
      "HeuristicDetector",
      "TF-IDF+LogisticRegression",
      "DeBERTa-v3-pretrained",
      "DeBERTa-v3-finetuned",
      "Ensemble(TF-IDF+FT-DeBERTa)"
    ]
  },
  "detection_benchmarks": {
    "deepset_prompt_injections": {
      "dataset": "deepset/prompt-injections",
      "test_size": 116,
      "train_size": 546,
      "heuristic": {
        "tp": 3,
        "tn": 56,
        "fp": 0,
        "fn": 57,
        "accuracy": 0.5086206896551724,
        "precision": 1.0,
        "recall": 0.05,
        "f1": 0.09523809523809523,
        "auroc": 0.525,
        "avg_latency_ms": 0.06349699137429306,
        "total_examples": 116,
        "f1_ci_lower": 0.0,
        "f1_ci_upper": 0.19673285615331332,
        "auroc_ci_lower": 0.5,
        "auroc_ci_upper": 0.5545490056818182
      },
      "tfidf_lr": {
        "tp": 50,
        "tn": 55,
        "fp": 1,
        "fn": 10,
        "accuracy": 0.9051724137931034,
        "precision": 0.9803921568627451,
        "recall": 0.8333333333333334,
        "f1": 0.9009009009009009,
        "auroc": 0.974404761904762,
        "avg_latency_ms": 0.16627422413531073,
        "total_examples": 116,
        "f1_ci_lower": 0.834911003236246,
        "f1_ci_upper": 0.9541558263727236,
        "auroc_ci_lower": 0.950044722768703,
        "auroc_ci_upper": 0.9934637475946241
      },
      "deberta_v3_pretrained": {
        "tp": 22,
        "tn": 56,
        "fp": 0,
        "fn": 38,
        "accuracy": 0.6724137931034483,
        "precision": 1.0,
        "recall": 0.36666666666666664,
        "f1": 0.5365853658536586,
        "auroc": 0.8956845238095238,
        "avg_latency_ms": 112.3990028448306,
        "total_examples": 116,
        "f1_ci_lower": 0.4053968525487513,
        "f1_ci_upper": 0.6479063570612866,
        "auroc_ci_lower": 0.8325755248335894,
        "auroc_ci_upper": 0.9427412930207048
      },
      "deberta_v3_finetuned": {
        "tp": 57,
        "tn": 55,
        "fp": 1,
        "fn": 3,
        "accuracy": 0.9655172413793104,
        "precision": 0.9827586206896551,
        "recall": 0.95,
        "f1": 0.9661016949152542,
        "auroc": 0.9925595238095237,
        "avg_latency_ms": 27.724580370690543,
        "total_examples": 116,
        "f1_ci_lower": 0.9298245614035088,
        "f1_ci_upper": 0.9927007299270073,
        "auroc_ci_lower": 0.9756095747844187,
        "auroc_ci_upper": 1.0
      },
      "finetune_time_s": 281.6,
      "finetune_freeze_layers": 6,
      "ensemble": {
        "tp": 57,
        "tn": 55,
        "fp": 1,
        "fn": 3,
        "accuracy": 0.9655172413793104,
        "precision": 0.9827586206896551,
        "recall": 0.95,
        "f1": 0.9661016949152542,
        "auroc": 0.9949404761904761,
        "avg_latency_ms": 26.397853672420002,
        "total_examples": 116,
        "f1_ci_lower": 0.9298245614035088,
        "f1_ci_upper": 0.9927007299270073,
        "auroc_ci_lower": 0.9856244384546271,
        "auroc_ci_upper": 1.0
      },
      "best_detector": "DeBERTa-v3-finetuned",
      "best_f1": 0.9661016949152542
    },
    "jailbreak_classification": {
      "dataset": "jackhhao/jailbreak-classification",
      "test_size": 262,
      "train_size": 1044,
      "heuristic": {
        "tp": 50,
        "tn": 110,
        "fp": 13,
        "fn": 89,
        "accuracy": 0.6106870229007634,
        "precision": 0.7936507936507936,
        "recall": 0.3597122302158273,
        "f1": 0.49504950495049505,
        "auroc": 0.6274785050008773,
        "avg_latency_ms": 0.7580409274774893,
        "total_examples": 262,
        "f1_ci_lower": 0.4097331895970893,
        "f1_ci_upper": 0.5739149931760578,
        "auroc_ci_lower": 0.5792602587506627,
        "auroc_ci_upper": 0.674025245054751
      },
      "tfidf_lr": {
        "tp": 131,
        "tn": 122,
        "fp": 1,
        "fn": 8,
        "accuracy": 0.9656488549618321,
        "precision": 0.9924242424242424,
        "recall": 0.9424460431654677,
        "f1": 0.966789667896679,
        "auroc": 0.9951453471369247,
        "avg_latency_ms": 1.9196543587805324,
        "total_examples": 262,
        "f1_ci_lower": 0.9430863396086433,
        "f1_ci_upper": 0.9858156028368794,
        "auroc_ci_lower": 0.9872486593018652,
        "auroc_ci_upper": 0.9996457542719818
      },
      "deberta_v3_pretrained": {
        "tp": 117,
        "tn": 121,
        "fp": 2,
        "fn": 22,
        "accuracy": 0.9083969465648855,
        "precision": 0.9831932773109243,
        "recall": 0.841726618705036,
        "f1": 0.9069767441860465,
        "auroc": 0.9791483886061881,
        "avg_latency_ms": 231.76202504198275,
        "total_examples": 262,
        "f1_ci_lower": 0.8671808163022814,
        "f1_ci_upper": 0.9416905737704918,
        "auroc_ci_lower": 0.9571365156114052,
        "auroc_ci_upper": 0.9948131595691687
      },
      "deberta_v3_finetuned": {
        "tp": 137,
        "tn": 120,
        "fp": 3,
        "fn": 2,
        "accuracy": 0.9809160305343512,
        "precision": 0.9785714285714285,
        "recall": 0.9856115107913669,
        "f1": 0.982078853046595,
        "auroc": 0.9936246125051179,
        "avg_latency_ms": 63.75027921373953,
        "total_examples": 262,
        "f1_ci_lower": 0.9649631739855475,
        "f1_ci_upper": 0.9964670510197755,
        "auroc_ci_lower": 0.9813507979807774,
        "auroc_ci_upper": 0.9999416067765305
      },
      "finetune_time_s": 1176.9,
      "finetune_freeze_layers": 6,
      "ensemble": {
        "tp": 137,
        "tn": 120,
        "fp": 3,
        "fn": 2,
        "accuracy": 0.9809160305343512,
        "precision": 0.9785714285714285,
        "recall": 0.9856115107913669,
        "f1": 0.982078853046595,
        "auroc": 0.9963736328010763,
        "avg_latency_ms": 66.38295840458127,
        "total_examples": 262,
        "f1_ci_lower": 0.9649631739855475,
        "f1_ci_upper": 0.9964670510197755,
        "auroc_ci_lower": 0.9891196758496463,
        "auroc_ci_upper": 1.0
      },
      "best_detector": "DeBERTa-v3-finetuned",
      "best_f1": 0.982078853046595
    },
    "combined_corpus": {
      "dataset": "combined-corpus",
      "test_size": 650,
      "train_size": 2600,
      "heuristic": {
        "tp": 65,
        "tn": 318,
        "fp": 130,
        "fn": 137,
        "accuracy": 0.5892307692307692,
        "precision": 0.3333333333333333,
        "recall": 0.3217821782178218,
        "f1": 0.327455919395466,
        "auroc": 0.5185201555869873,
        "avg_latency_ms": 0.6383459661614884,
        "total_examples": 650,
        "f1_ci_lower": 0.26827728504557774,
        "f1_ci_upper": 0.3867954983234644,
        "auroc_ci_lower": 0.4816338159548139,
        "auroc_ci_upper": 0.5601155357295591
      },
      "tfidf_lr": {
        "tp": 182,
        "tn": 439,
        "fp": 9,
        "fn": 20,
        "accuracy": 0.9553846153846154,
        "precision": 0.9528795811518325,
        "recall": 0.900990099009901,
        "f1": 0.926208651399491,
        "auroc": 0.98258486562942,
        "avg_latency_ms": 1.3435730800007988,
        "total_examples": 650,
        "f1_ci_lower": 0.8974358974358975,
        "f1_ci_upper": 0.9519754626741527,
        "auroc_ci_lower": 0.9706425328356106,
        "auroc_ci_upper": 0.9925210227048822
      },
      "deberta_v3_pretrained": {
        "tp": 155,
        "tn": 443,
        "fp": 5,
        "fn": 47,
        "accuracy": 0.92,
        "precision": 0.96875,
        "recall": 0.7673267326732673,
        "f1": 0.856353591160221,
        "auroc": 0.926239833804809,